scenario,comparator,anchor_year,year,actual,path,gap,ratio,growth,n_units,reliability,scenario_illustrative
track_thailand,THA,1960,1960,129.772040231178,129.772040231178,0.0,1.0,0.0,0,low,True
track_thailand,THA,1960,1961,127.564281190731,132.78160268471865,5.217321493987654,1.0408995484103174,0.022926318917791733,1,low,True
track_thailand,THA,1960,1962,129.887941416412,138.64686001747793,8.758918601065943,1.0674344246706124,0.04322443153364297,1,low,True
track_thailand,THA,1960,1963,144.000792900245,145.34311992826915,1.3423270280241582,1.009321664144961,0.047167166391096416,1,low,True
track_thailand,THA,1960,1964,132.522439576165,150.7014152230485,18.178975646883515,1.137176584622376,0.03620320521429221,1,low,True
track_thailand,THA,1960,1965,143.41721780798,158.2308187270059,14.813600919025902,1.1032902544439238,0.04875434841778059,1,low,True
track_thailand,THA,1960,1966,133.398254665006,170.69681514486092,37.29856047985493,1.2796030620754393,0.07583412700801251,1,low,True
track_thailand,THA,1960,1967,122.678900960351,180.06303241025438,57.38413144990338,1.4677587669981618,0.0534179976386282,1,low,True
track_thailand,THA,1960,1968,134.388136936628,189.1643241477063,54.77618721107831,1.4075968940391557,0.04930910760217788,1,low,True
track_thailand,THA,1960,1969,135.702756195556,195.958629666436,60.255873470880005,1.4440283687683366,0.0352874865703896,1,low,True
track_thailand,THA,1960,1970,139.275133597401,212.35917494309567,73.08404134569466,1.524745799612419,0.0803754987065286,1,low,True
track_thailand,THA,1960,1971,141.823799627108,216.82698795270707,75.00318832559907,1.5288476865152545,0.020820682467247664,1,low,True
track_thailand,THA,1960,1972,142.104344664286,220.16409193466762,78.05974727038162,1.549312883112713,0.015273395763269804,1,low,True
track_thailand,THA,1960,1973,137.829004501709,236.38324008371433,98.55423558200533,1.7150471407546393,0.0710812458296175,1,low,True
track_thailand,THA,1960,1974,142.387514060567,240.72837061569518,98.34085655512817,1.6906564610243646,0.018214818375190234,1,low,True
track_thailand,THA,1960,1975,145.457960079312,246.60079316221888,101.14283308290689,1.6953406539439853,0.024101602154001256,1,low,True
track_thailand,THA,1960,1976,151.381528101688,263.44578571377195,112.06425761208396,1.740276961247258,0.06607679287895696,1,low,True
track_thailand,THA,1960,1977,157.337620355275,282.97854624066747,125.64092588539248,1.798543448170183,0.07152348643694406,1,low,True
track_thailand,THA,1960,1978,164.35842013127,305.3776392250184,141.0192190937484,1.857998141994301,0.07617808567845152,1,low,True
track_thailand,THA,1960,1979,169.599433098917,315.09368342521424,145.49425032629725,1.857869909514611,0.03132083019659504,1,low,True
track_thailand,THA,1960,1980,179.588600928215,324.63234473335666,145.04374380514167,1.8076444888788818,0.029823292704799442,1,low,True
track_thailand,THA,1960,1981,187.439973498442,336.9737472856962,149.53377378725423,1.7977688589915275,0.03731173107589303,1,low,True
track_thailand,THA,1960,1982,194.360862265949,348.1425465910824,153.7816843251334,1.791217339397836,0.032606986457006215,1,low,True
track_thailand,THA,1960,1983,198.973143501783,360.5334846082268,161.5603411064438,1.8119705919256186,0.03497282366140819,1,low,True
track_thailand,THA,1960,1984,204.503943959468,374.100456822378,169.59651286291003,1.8293068073861867,0.036939526270129974,1,low,True
track_thailand,THA,1960,1985,206.179024168361,384.32869896156245,178.14967479320146,1.8640533415646034,0.02697381084189754,1,low,True
track_thailand,THA,1960,1986,200.215576805336,398.40794958303024,198.19237277769423,1.9898948720178307,0.03597830596507823,1,low,True
track_thailand,THA,1960,1987,188.871667527298,428.8222764082194,239.9506088809214,2.2704425815811726,0.07356607970204188,1,low,True
track_thailand,THA,1960,1988,164.700416639705,477.5917840696031,312.8913674298981,2.899760630930111,0.10771380041001777,1,low,True
track_thailand,THA,1960,1989,168.113854204979,527.0627435917465,358.9488893867675,3.135153530827423,0.09856324010727491,1,low,True
track_thailand,THA,1960,1990,170.233436726449,576.4008265809591,406.16738985451013,3.385943664564485,0.08948369866149442,1,standard,True
track_thailand,THA,1960,1991,166.710439947526,615.6188558080828,448.90841586055683,3.692743273917673,0.06582473329841765,1,standard,True
track_thailand,THA,1960,1992,180.333227417253,654.8893498485305,474.5561224312775,3.6315512078828096,0.06183825837247081,1,standard,True
track_thailand,THA,1960,1993,188.680525344668,698.0710569653743,509.39053162070627,3.6997515015934384,0.06385460855526048,1,standard,True
track_thailand,THA,1960,1994,200.124788541397,742.8625953231527,542.7378067817557,3.7119969032196485,0.06219019695434547,1,standard,True
track_thailand,THA,1960,1995,211.265635944507,791.8048410846662,580.5392051401592,3.7479111903113718,0.06380385333256555,1,standard,True
track_thailand,THA,1960,1996,222.013359775898,825.083433412373,603.070073636475,3.7163683944300403,0.04116956395225735,1,standard,True
track_thailand,THA,1960,1997,231.587954116039,791.7338829338086,560.1459288177696,3.4187178947014836,-0.04125918367526005,1,standard,True
track_thailand,THA,1960,1998,242.132148131424,721.8066146043858,479.6744664729618,2.981044112377036,-0.09246807274778845,1,standard,True
track_thailand,THA,1960,1999,265.455335144782,745.4028814163088,479.9475462715268,2.808016199824195,0.03216759642796241,1,standard,True
track_thailand,THA,1960,2000,298.590464506047,769.853846096566,471.26338159051903,2.5782934742076304,0.032275833932185805,1,standard,True
track_thailand,THA,1960,2001,328.973872708996,788.3205737125666,459.34670100357056,2.3963014668034135,0.023704139994199735,1,standard,True
track_thailand,THA,1960,2002,364.855800192477,828.7830987270088,463.9272985345318,2.2715360377710603,0.05005365227322223,1,standard,True
track_thailand,THA,1960,2003,411.498764121919,880.1256831921173,468.6269190701983,2.1388294690755214,0.06010624024870914,1,standard,True
track_thailand,THA,1960,2004,463.330135715332,927.1346222587833,463.80448654345133,2.001023785831213,0.05203405951865214,1,standard,True
track_thailand,THA,1960,2005,522.099544784661,957.6871920961044,435.58764731144333,1.8342999944409082,0.03242242422858865,1,standard,True
track_thailand,THA,1960,2006,586.085579927418,996.9534950980141,410.867915170596,1.7010374068945335,0.04018292120678524,1,standard,True
track_thailand,THA,1960,2007,651.729730890268,1042.7634006467024,391.0336697564344,1.5999936035176412,0.044925460212567714,1,standard,True
track_thailand,THA,1960,2008,714.620419017338,1052.6412915626802,338.0208725453422,1.4730075765399326,0.009428216061659,1,standard,True
track_thailand,THA,1960,2009,785.634853157894,1037.679483332684,252.04463017478997,1.3208165080274703,-0.014315567185581912,1,standard,True
track_thailand,THA,1960,2010,854.932478016035,1108.187721462244,253.25524344620908,1.2962283571609254,0.06573904353295745,1,standard,True
track_thailand,THA,1960,2011,895.512538750361,1110.570829949596,215.05829119923487,1.2401510664488706,0.002148146676208995,1,standard,True
track_thailand,THA,1960,2012,953.123081923425,1183.6506480741637,230.5275661507386,1.2418654741689064,0.06372928782154119,1,standard,True
track_thailand,THA,1960,2013,1024.69060473254,1208.3434134756528,183.65280874311293,1.1792275716151892,0.020646909615825493,1,standard,True
track_thailand,THA,1960,2014,1099.24387750099,1213.7874422488665,114.54356474787642,1.104202140300548,0.004495246759889326,1,standard,True
track_thailand,THA,1960,2015,1166.73305546337,1246.070763550064,79.33770808669397,1.0679998802769712,0.026249622778550474,1,standard,True
track_thailand,THA,1960,2016,1225.37913970989,1283.0721065822952,57.69296687240512,1.047081727608048,0.0292620742703793,1,standard,True
track_thailand,THA,1960,2017,1290.5640902569,1331.0330596868025,40.46896942990247,1.031357582111127,0.03669809173721994,1,standard,True
track_thailand,THA,1960,2018,1361.5683126412,1383.0448568132715,21.4765441720715,1.0157733871834977,0.03833210924764607,1,standard,True
track_thailand,THA,1960,2019,1440.98988236734,1409.4034091734768,-31.586473193863185,0.9780800173683585,0.018879014206536482,1,standard,True
track_thailand,THA,1960,2020,1301.31386350667,1321.3251908086302,20.011327301960137,1.0153777869145537,-0.06453133536477651,1,standard,True
track_thailand,THA,1960,2021,1136.9956605414,1340.313034341489,203.31737380008894,1.178819832701275,0.014268028972390212,1,standard,True
track_thailand,THA,1960,2022,1174.76697945755,1375.5150178452452,200.74803838769526,1.1708832831515157,0.025925025023626702,1,standard,True
track_thailand,THA,1960,2023,1177.76649645563,1407.0932904811589,229.3267940255289,1.1947132939472,0.02269786104755589,1,standard,True
track_thailand,THA,1960,2024,1158.47928097728,1449.278633176747,290.79935219946697,1.2510181726807854,0.029539857810743086,1,standard,True
track_donor_average,donor_average,1960,1960,129.772040231178,129.772040231178,0.0,1.0,0.0,0,low,True
track_donor_average,donor_average,1960,1961,127.564281190731,132.3244182420579,4.7601370513269075,1.03731559498391,0.019477246774591467,3,low,True
track_donor_average,donor_average,1960,1962,129.887941416412,132.93032375509677,3.0423823386847744,1.0234231315509967,0.0045684881054484094,3,low,True
track_donor_average,donor_average,1960,1963,144.000792900245,129.19692934675192,-14.803863553493073,0.8971959580545623,-0.028487285007185115,3,low,True
track_donor_average,donor_average,1960,1964,132.522439576165,135.07655017712256,2.554110600957557,1.0192730424305962,0.04450383168192573,3,low,True
track_donor_average,donor_average,1960,1965,143.41721780798,132.38270290744248,-11.034514900537516,0.9230600407036794,-0.020144663806613394,3,low,True
track_donor_average,donor_average,1960,1966,133.398254665006,134.48784851524556,1.0895938502395666,1.0081679768073113,0.015776857073550588,3,low,True
track_donor_average,donor_average,1960,1967,122.678900960351,130.18103732503604,7.502136364685043,1.0611526212409557,-0.032547772846233634,3,low,True
track_donor_average,donor_average,1960,1968,134.388136936628,135.62705100694376,1.238914070315758,1.0092189243675578,0.04098277030952927,3,low,True
track_donor_average,donor_average,1960,1969,135.702756195556,137.6339372847493,1.9311810891933021,1.0142309643763636,0.014688685520874323,3,low,True
track_donor_average,donor_average,1960,1970,139.275133597401,141.24279067103365,1.9676570736326369,1.0141278419399724,0.02588279689378818,3,low,True
track_donor_average,donor_average,1960,1971,141.823799627108,138.13011619261727,-3.6936834344907368,0.9739558279766697,-0.022284217332300866,3,low,True
track_donor_average,donor_average,1960,1972,142.104344664286,132.7414776876032,-9.362866976682795,0.9341127324516215,-0.03979265204347371,3,low,True
track_donor_average,donor_average,1960,1973,137.829004501709,134.03846728855743,-3.790537213151566,0.9724982616913223,0.009723368220882081,3,low,True
track_donor_average,donor_average,1960,1974,142.387514060567,140.94280046138798,-1.444713599179039,0.9898536496777063,0.050227309513034335,3,low,True
track_donor_average,donor_average,1960,1975,145.457960079312,138.51052361137127,-6.947436467940719,0.9522374955337434,-0.017407832090592674,3,low,True
track_donor_average,donor_average,1960,1976,151.381528101688,144.26202684025466,-7.119501261433328,0.9529698150711563,0.04068497139404448,4,low,True
track_donor_average,donor_average,1960,1977,157.337620355275,143.8509145078596,-13.48670584741538,0.9142817476394912,-0.0028538295398419233,4,low,True
track_donor_average,donor_average,1960,1978,164.35842013127,150.81014202840265,-13.548278102867357,0.9175687008183299,0.04724426079397159,4,low,True
track_donor_average,donor_average,1960,1979,169.599433098917,149.15530827236978,-20.44412482654721,0.8794564082379721,-0.011033607655125843,4,low,True
track_donor_average,donor_average,1960,1980,179.588600928215,146.47856615157718,-33.110034776637804,0.8156339845318328,-0.01810898886672474,4,low,True
track_donor_average,donor_average,1960,1981,187.439973498442,151.61839206480852,-35.82158143363347,0.8088903835982925,0.03448767391758678,4,low,True
track_donor_average,donor_average,1960,1982,194.360862265949,150.79498152574416,-43.56588074020485,0.7758505481386858,-0.005445609525247752,4,low,True
track_donor_average,donor_average,1960,1983,198.973143501783,150.1518162034223,-48.8213272983607,0.7546335830095421,-0.004274285730023308,4,low,True
track_donor_average,donor_average,1960,1984,204.503943959468,155.77508196173764,-48.72886199773035,0.7617216516499641,0.03676629430170575,4,low,True
track_donor_average,donor_average,1960,1985,206.179024168361,158.2945831317179,-47.884441036643096,0.7677530911314151,0.016044562713027528,6,low,True
track_donor_average,donor_average,1960,1986,200.215576805336,160.96706379816754,-39.24851300716847,0.8039687339345795,0.01674202407662258,6,low,True
track_donor_average,donor_average,1960,1987,188.871667527298,165.41856124003905,-23.453106287258947,0.8758251748697606,0.02727922523355956,6,low,True
track_donor_average,donor_average,1960,1988,164.700416639705,169.57298939121694,4.872572751511939,1.0295844591709264,0.024804453401494026,6,low,True
track_donor_average,donor_average,1960,1989,168.113854204979,176.25588750811147,8.142033303132479,1.048431661635721,0.038653395426326544,6,low,True
track_donor_average,donor_average,1960,1990,170.233436726449,180.50039177596577,10.266955049516753,1.0603110366973023,0.02379610283873701,6,standard,True
track_donor_average,donor_average,1960,1991,166.710439947526,186.08148748758038,19.371047540054377,1.1161957676205019,0.03045173427071779,6,standard,True
track_donor_average,donor_average,1960,1992,180.333227417253,192.2204638575181,11.887236440265099,1.065918170547464,0.032458280006458264,6,standard,True
track_donor_average,donor_average,1960,1993,188.680525344668,197.1684591651862,8.48793382051818,1.04498574405076,0.025415523443097943,6,standard,True
track_donor_average,donor_average,1960,1994,200.124788541397,189.14238182158704,-10.982406719809973,0.9451222069996681,-0.041558411584200115,6,standard,True
track_donor_average,donor_average,1960,1995,211.265635944507,196.6946745066883,-14.57096143781871,0.9310301395081306,0.03915257642717629,6,standard,True
track_donor_average,donor_average,1960,1996,222.013359775898,203.8508825226619,-18.16247725323612,0.9181919625396893,0.03573610769286558,6,standard,True
track_donor_average,donor_average,1960,1997,231.587954116039,209.47928825439502,-22.10866586164397,0.904534473971102,0.0272361131967697,6,standard,True
track_donor_average,donor_average,1960,1998,242.132148131424,207.80099662610172,-34.33115150532228,0.8582131626458455,-0.0080439969905437,6,standard,True
track_donor_average,donor_average,1960,1999,265.455335144782,216.03827244641883,-49.41706269836317,0.8138403860995651,0.038874704503409685,6,standard,True
track_donor_average,donor_average,1960,2000,298.590464506047,226.47804674863232,-72.11241775741468,0.7584905536862706,0.04719243713827437,6,standard,True
track_donor_average,donor_average,1960,2001,328.973872708996,235.3345777616803,-93.6392949473157,0.715359477711024,0.038360220371731334,6,standard,True
track_donor_average,donor_average,1960,2002,364.855800192477,242.3584885870477,-122.49731160542927,0.6642582863125467,0.02940975107601081,6,standard,True
track_donor_average,donor_average,1960,2003,411.498764121919,253.63189021412336,-157.86687390779565,0.6163612441348115,0.045465976886573355,6,standard,True
track_donor_average,donor_average,1960,2004,463.330135715332,266.3054010908676,-197.02473462446443,0.5747638251065207,0.048759809879797,6,standard,True
track_donor_average,donor_average,1960,2005,522.099544784661,282.0016098314854,-240.09793495317564,0.5401299668778612,0.05726900495142425,6,standard,True
track_donor_average,donor_average,1960,2006,586.085579927418,297.7895405707295,-288.29603935668854,0.5080990742130327,0.05447421776102349,6,standard,True
track_donor_average,donor_average,1960,2007,651.729730890268,314.31462739721724,-337.41510349305076,0.4822775646092759,0.054007485018438516,6,standard,True
track_donor_average,donor_average,1960,2008,714.620419017338,330.4002561391743,-384.2201628781637,0.46234371051627926,0.04991033456258398,6,standard,True
track_donor_average,donor_average,1960,2009,785.634853157894,343.26658689396953,-442.36826626392445,0.43692891871356565,0.038202549664963836,6,standard,True
track_donor_average,donor_average,1960,2010,854.932478016035,360.0222382210748,-494.9102397949602,0.4211118976981037,0.047658435827493406,6,standard,True
track_donor_average,donor_average,1960,2011,895.512538750361,378.38382493894807,-517.128713811413,0.4225332517029433,0.04974328795246604,6,standard,True
track_donor_average,donor_average,1960,2012,953.123081923425,398.17468033472204,-554.9484015887031,0.41775788236205136,0.050981713980356336,6,standard,True
track_donor_average,donor_average,1960,2013,1024.69060473254,417.8508411425948,-606.839763589945,0.4077824459527082,0.04823372515922116,6,standard,True
track_donor_average,donor_average,1960,2014,1099.24387750099,440.30397440381796,-658.9399030971721,0.4005516732145014,0.052340809831776504,6,standard,True
track_donor_average,donor_average,1960,2015,1166.73305546337,462.1222179618288,-704.6108375015411,0.39608221931990795,0.04836405783741515,6,standard,True
track_donor_average,donor_average,1960,2016,1225.37913970989,482.8812071526711,-742.497932557219,0.3940667761546796,0.04394127833849885,6,standard,True
track_donor_average,donor_average,1960,2017,1290.5640902569,511.71351409961676,-778.8505761572833,0.396503759838657,0.05799425018449833,6,standard,True
track_donor_average,donor_average,1960,2018,1361.5683126412,542.6202567504507,-818.9480558907493,0.3985259143537676,0.05864480661569201,6,standard,True
track_donor_average,donor_average,1960,2019,1440.98988236734,572.5929475637067,-868.3969348036333,0.39736083824753754,0.05376534379497189,6,standard,True
track_donor_average,donor_average,1960,2020,1301.31386350667,564.1693552055247,-737.1445083011454,0.43353826546137686,-0.014820594461919523,6,standard,True
track_donor_average,donor_average,1960,2021,1136.9956605414,579.4976137825633,-557.4980467588366,0.5096744287543065,0.026807063441989538,6,standard,True
track_donor_average,donor_average,1960,2022,1174.76697945755,606.4751731656739,-568.291806291876,0.516251464137777,0.04550224789363,6,standard,True
track_donor_average,donor_average,1960,2023,1177.76649645563,627.6421119551248,-550.1243845005051,0.5329087844186015,0.034306325652798154,6,standard,True
track_donor_average,donor_average,1960,2024,1158.47928097728,653.5321735630872,-504.9471074141928,0.5641293584566958,0.040421645942645114,6,standard,True
