scenario,comparator,comparator_label,anchor_year,anchor_value,latest_year,actual_latest,path_latest,gap_latest,ratio_latest,actual_growth_pa,path_growth_pa,min_units,default,scenario_illustrative
track_donor_average,donor_average,Donor-pool average,1960,129.772040231178,2024,1158.47928097728,653.5321735630872,-504.9471074141928,0.5641293584566958,0.03479613761183176,0.025581294672391675,3,False,True
track_donor_average,donor_average,Donor-pool average,1962,129.887941416412,2024,1158.47928097728,638.5747531157126,-519.9045278615674,0.5512181042866975,0.035923613720844516,0.02601930150410614,3,False,True
track_donor_average,donor_average,Donor-pool average,1988,164.700416639705,2024,1158.47928097728,634.7533393125846,-523.7259416646955,0.5479194576333846,0.05568209278210312,0.0381862818850387,6,False,True
track_donor_average,donor_average,Donor-pool average,1990,170.233436726449,2024,1158.47928097728,616.358927658373,-542.1203533189071,0.5320413906223852,0.058023695425823085,0.038568067625448954,6,False,True
track_donor_average,donor_average,Donor-pool average,2000,298.590464506047,2024,1158.47928097728,861.6220339026177,-296.8572470746624,0.7437526488827345,0.05811737866360578,0.04514537388493167,6,False,True
track_thailand,THA,Thailand,1960,129.772040231178,2024,1158.47928097728,1449.278633176747,290.79935219946697,1.2510181726807854,0.03479613761183176,0.0384235842269498,1,True,True
track_thailand,THA,Thailand,1962,129.887941416412,2024,1158.47928097728,1357.72146717487,199.24218619758994,1.1719859728777466,0.035923613720844516,0.03857863591189403,1,False,True
track_thailand,THA,Thailand,1988,164.700416639705,2024,1158.47928097728,499.79250622210304,-658.686774755177,0.43142118674792673,0.05568209278210312,0.03131546198515767,1,False,True
track_thailand,THA,Thailand,1990,170.233436726449,2024,1158.47928097728,428.0279817836721,-730.451299193608,0.36947400683989146,0.058023695425823085,0.02748921819374761,1,False,True
track_thailand,THA,Thailand,2000,298.590464506047,2024,1158.47928097728,562.1077071616699,-596.3715738156102,0.48521170502719924,0.05811737866360578,0.026709664840949943,1,False,True
