country_iso3,country_name,year,series,value,coverage
BGD,Bangladesh,2011,economy,0.36156855848638303,1.0
BGD,Bangladesh,2012,economy,0.3766389742323572,1.0
BGD,Bangladesh,2013,economy,0.39743932943827903,1.0
BGD,Bangladesh,2014,economy,0.39762630783037145,1.0
BGD,Bangladesh,2015,economy,0.4078208294769099,1.0
BGD,Bangladesh,2016,economy,0.4006683288241099,1.0
BGD,Bangladesh,2017,economy,0.3955924874766949,1.0
BGD,Bangladesh,2018,economy,0.4123110928379321,1.0
BGD,Bangladesh,2019,economy,0.41547993464017463,1.0
BGD,Bangladesh,2020,economy,0.3874230211439527,1.0
BGD,Bangladesh,2021,economy,0.41457845910466634,1.0
BGD,Bangladesh,2022,economy,0.4189834622475372,1.0
BGD,Bangladesh,2023,economy,0.4152802698680804,1.0
BGD,Bangladesh,2024,economy,0.4065563026829809,1.0
IDN,Indonesia,2011,economy,0.5301368936087054,1.0
IDN,Indonesia,2012,economy,0.5338239085701794,1.0
IDN,Indonesia,2013,economy,0.5422243715779064,1.0
IDN,Indonesia,2014,economy,0.5500192838421316,1.0
IDN,Indonesia,2015,economy,0.5353923631355139,1.0
IDN,Indonesia,2016,economy,0.46989133230598584,1.0
IDN,Indonesia,2017,economy,0.5343226510764917,1.0
IDN,Indonesia,2018,economy,0.5312906329430997,1.0
IDN,Indonesia,2019,economy,0.548515364967958,1.0
IDN,Indonesia,2020,economy,0.4680163157396227,1.0
IDN,Indonesia,2021,economy,0.5218974096102675,1.0
IDN,Indonesia,2022,economy,0.5416446518257809,1.0
IDN,Indonesia,2023,economy,0.5315685277875919,1.0
IDN,Indonesia,2024,economy,0.5412009772146443,1.0
KHM,Cambodia,2011,economy,0.5822007633505858,1.0
KHM,Cambodia,2012,economy,0.6205134393682944,1.0
KHM,Cambodia,2013,economy,0.6237315783254643,1.0
KHM,Cambodia,2014,economy,0.6029467950622535,1.0
KHM,Cambodia,2015,economy,0.5903933863537545,1.0
KHM,Cambodia,2016,economy,0.6384833482062027,1.0
KHM,Cambodia,2017,economy,0.6537327554107301,1.0
KHM,Cambodia,2018,economy,0.6749766800111671,1.0
KHM,Cambodia,2019,economy,0.6830239461934373,1.0
KHM,Cambodia,2020,economy,0.5583073871702819,1.0
KHM,Cambodia,2021,economy,0.6228339634690435,1.0
KHM,Cambodia,2022,economy,0.6391616037237708,1.0
KHM,Cambodia,2023,economy,0.6504175072305306,1.0
KHM,Cambodia,2024,economy,0.6691150249577091,1.0
LAO,Lao PDR,2011,economy,0.5168438074703025,1.0
LAO,Lao PDR,2012,economy,0.5886566707749619,1.0
LAO,Lao PDR,2013,economy,0.5895579367430606,1.0
LAO,Lao PDR,2014,economy,0.613407959926041,1.0
LAO,Lao PDR,2015,economy,0.6379930971537644,1.0
LAO,Lao PDR,2016,economy,0.6087512022092979,1.0
LAO,Lao PDR,2017,economy,0.6953498883129484,1.0
LAO,Lao PDR,2018,economy,0.6495282242257227,1.0
LAO,Lao PDR,2019,economy,0.5664302247602019,1.0
LAO,Lao PDR,2020,economy,0.5464380649473802,1.0
LAO,Lao PDR,2021,economy,0.5809716601083269,1.0
LAO,Lao PDR,2022,economy,0.5608740005153551,1.0
LAO,Lao PDR,2023,economy,0.7033651770093775,1.0
LAO,Lao PDR,2024,economy,0.610110849117644,1.0
MMR,Myanmar,2011,economy,0.41321248805761096,1.0
MMR,Myanmar,2012,economy,0.39250452653352474,1.0
MMR,Myanmar,2013,economy,0.44798677171121837,1.0
MMR,Myanmar,2014,economy,0.44991253241589985,1.0
MMR,Myanmar,2015,economy,0.5254659432028777,1.0
MMR,Myanmar,2016,economy,0.49483799229523917,1.0
MMR,Myanmar,2017,economy,0.545587699431714,1.0
MMR,Myanmar,2018,economy,0.4545019997561868,1.0
MMR,Myanmar,2019,economy,0.4562662140686798,1.0
MMR,Myanmar,2020,economy,0.3136532130577403,1.0
MMR,Myanmar,2021,economy,0.2695468358297478,1.0
MMR,Myanmar,2022,economy,0.4023018672871966,1.0
MMR,Myanmar,2023,economy,0.38970962095594214,1.0
MMR,Myanmar,2024,economy,0.3534649423344265,1.0
NPL,Nepal,2011,economy,0.2780396628545929,1.0
NPL,Nepal,2012,economy,0.29195054378485813,1.0
NPL,Nepal,2013,economy,0.29050853826122996,1.0
NPL,Nepal,2014,economy,0.3054402647693639,1.0
NPL,Nepal,2015,economy,0.30450915820921126,1.0
NPL,Nepal,2016,economy,0.29306097278435145,1.0
NPL,Nepal,2017,economy,0.35644577574028985,1.0
NPL,Nepal,2018,economy,0.34563564811567743,1.0
NPL,Nepal,2019,economy,0.36059116533097935,1.0
NPL,Nepal,2020,economy,0.29823926121505384,1.0
NPL,Nepal,2021,economy,0.3490121061011413,1.0
NPL,Nepal,2022,economy,0.3467090511656486,1.0
NPL,Nepal,2023,economy,0.33076990986517313,1.0
NPL,Nepal,2024,economy,0.3430673905944512,1.0
VNM,Vietnam,2011,economy,0.5599347058229779,1.0
VNM,Vietnam,2012,economy,0.5571642545128683,1.0
VNM,Vietnam,2013,economy,0.5596523165698913,1.0
VNM,Vietnam,2014,economy,0.5664789654994505,1.0
VNM,Vietnam,2015,economy,0.6035071694337006,1.0
VNM,Vietnam,2016,economy,0.6063799984869379,1.0
VNM,Vietnam,2017,economy,0.6176115862376634,1.0
VNM,Vietnam,2018,economy,0.6286015260347797,1.0
VNM,Vietnam,2019,economy,0.6298194274855358,1.0
VNM,Vietnam,2020,economy,0.5845589905979781,1.0
VNM,Vietnam,2021,economy,0.5757788465621947,1.0
VNM,Vietnam,2022,economy,0.6376463136074277,1.0
VNM,Vietnam,2023,economy,0.6094970378836507,1.0
VNM,Vietnam,2024,economy,0.6328755159649092,1.0
BGD,Bangladesh,2011,innovation,0.10980876662396057,1.0
BGD,Bangladesh,2012,innovation,0.12363245241115524,1.0
BGD,Bangladesh,2013,innovation,0.15518149831948924,1.0
BGD,Bangladesh,2014,innovation,0.188325608576522,1.0
BGD,Bangladesh,2015,innovation,0.22300940276576192,1.0
BGD,Bangladesh,2016,innovation,0.264019607176833,1.0
BGD,Bangladesh,2017,innovation,0.31242428675645806,1.0
BGD,Bangladesh,2018,innovation,0.3512435989761364,1.0
BGD,Bangladesh,2019,innovation,0.3857492084046617,1.0
BGD,Bangladesh,2020,innovation,0.4321044321886969,1.0
BGD,Bangladesh,2021,innovation,0.45699912064377635,1.0
BGD,Bangladesh,2022,innovation,0.4722680609873249,1.0
BGD,Bangladesh,2023,innovation,0.4915036622725388,1.0
BGD,Bangladesh,2024,innovation,0.5306995148856049,1.0
IDN,Indonesia,2011,innovation,0.24491431106504186,1.0
IDN,Indonesia,2012,innovation,0.2811263782701504,1.0
IDN,Indonesia,2013,innovation,0.29869853984588535,1.0
IDN,Indonesia,2014,innovation,0.3243039048644667,1.0
IDN,Indonesia,2015,innovation,0.37328056264865556,1.0
IDN,Indonesia,2016,innovation,0.42528542022385996,1.0
IDN,Indonesia,2017,innovation,0.5067208670815755,1.0
IDN,Indonesia,2018,innovation,0.4799351860172105,1.0
IDN,Indonesia,2019,innovation,0.5397824423537869,1.0
IDN,Indonesia,2020,innovation,0.5823586581362937,1.0
IDN,Indonesia,2021,innovation,0.6328479003847682,1.0
IDN,Indonesia,2022,innovation,0.6312652659546166,1.0
IDN,Indonesia,2023,innovation,0.6502356334078985,1.0
IDN,Indonesia,2024,innovation,0.6595168356732336,1.0
KHM,Cambodia,2011,innovation,0.11887040925778526,1.0
KHM,Cambodia,2012,innovation,0.1755141670388881,1.0
KHM,Cambodia,2013,innovation,0.19772929742771073,1.0
KHM,Cambodia,2014,innovation,0.30118958417790903,1.0
KHM,Cambodia,2015,innovation,0.20464883393044417,1.0
KHM,Cambodia,2016,innovation,0.44558217194553845,1.0
KHM,Cambodia,2017,innovation,0.43063574189385195,1.0
KHM,Cambodia,2018,innovation,0.61506082690524,1.0
KHM,Cambodia,2019,innovation,0.5758361093109906,1.0
KHM,Cambodia,2020,innovation,0.5888244622269899,1.0
KHM,Cambodia,2021,innovation,0.5894810441334845,1.0
KHM,Cambodia,2022,innovation,0.6018710809030046,1.0
KHM,Cambodia,2023,innovation,0.6373278375357374,1.0
KHM,Cambodia,2024,innovation,0.6227175803282359,1.0
LAO,Lao PDR,2011,innovation,0.19349868818222976,1.0
LAO,Lao PDR,2012,innovation,0.1859624683283056,1.0
LAO,Lao PDR,2013,innovation,0.20625539357923484,1.0
LAO,Lao PDR,2014,innovation,0.21892591396640493,1.0
LAO,Lao PDR,2015,innovation,0.2205671983899964,1.0
LAO,Lao PDR,2016,innovation,0.2472361484452461,1.0
LAO,Lao PDR,2017,innovation,0.25654498190664965,1.0
LAO,Lao PDR,2018,innovation,0.301507774029802,1.0
LAO,Lao PDR,2019,innovation,0.38338744574440614,1.0
LAO,Lao PDR,2020,innovation,0.40773947829676943,1.0
LAO,Lao PDR,2021,innovation,0.4423898118671804,1.0
LAO,Lao PDR,2022,innovation,0.44660815160428297,1.0
LAO,Lao PDR,2023,innovation,0.4510333827440854,1.0
LAO,Lao PDR,2024,innovation,0.6559269714,0.5
MMR,Myanmar,2011,innovation,0.01107939801332926,1.0
MMR,Myanmar,2012,innovation,0.02260691557284602,1.0
MMR,Myanmar,2013,innovation,0.03454797502281632,1.0
MMR,Myanmar,2014,innovation,0.14379117213184156,1.0
MMR,Myanmar,2015,innovation,0.2065527688829594,1.0
MMR,Myanmar,2016,innovation,0.2768946408052143,1.0
MMR,Myanmar,2017,innovation,0.32627940842395864,1.0
MMR,Myanmar,2018,innovation,0.40943294266112706,1.0
MMR,Myanmar,2019,innovation,0.5267590011877955,1.0
MMR,Myanmar,2020,innovation,0.5731151448185973,1.0
MMR,Myanmar,2021,innovation,0.620686073795639,0.5
MMR,Myanmar,2022,innovation,0.5245614120792049,0.5
MMR,Myanmar,2023,innovation,0.5903786671719415,0.5
MMR,Myanmar,2024,innovation,0.5577026445340927,0.5
NPL,Nepal,2011,innovation,0.1461073168642177,1.0
NPL,Nepal,2012,innovation,0.1811222452465177,1.0
NPL,Nepal,2013,innovation,0.2241284395059485,1.0
NPL,Nepal,2014,innovation,0.25031612844173995,1.0
NPL,Nepal,2015,innovation,0.2912315803729826,1.0
NPL,Nepal,2016,innovation,0.34061576386535075,1.0
NPL,Nepal,2017,innovation,0.3908335349316871,1.0
NPL,Nepal,2018,innovation,0.44119803839376565,1.0
NPL,Nepal,2019,innovation,0.47059801365253034,1.0
NPL,Nepal,2020,innovation,0.4877274476359803,1.0
NPL,Nepal,2021,innovation,0.5091384016572559,1.0
NPL,Nepal,2022,innovation,0.5181934175810992,1.0
NPL,Nepal,2023,innovation,0.5129631525588345,1.0
NPL,Nepal,2024,innovation,0.4749895644229301,1.0
VNM,Vietnam,2011,innovation,0.49618320236157337,1.0
VNM,Vietnam,2012,innovation,0.5138778416402261,1.0
VNM,Vietnam,2013,innovation,0.5065252123323012,1.0
VNM,Vietnam,2014,innovation,0.5449849708292165,1.0
VNM,Vietnam,2015,innovation,0.5334296555435891,1.0
VNM,Vietnam,2016,innovation,0.5759315686175946,1.0
VNM,Vietnam,2017,innovation,0.5980183789637762,1.0
VNM,Vietnam,2018,innovation,0.7056367295897502,1.0
VNM,Vietnam,2019,innovation,0.685239599479458,1.0
VNM,Vietnam,2020,innovation,0.6969755496666373,1.0
VNM,Vietnam,2021,innovation,0.7037320886931008,1.0
VNM,Vietnam,2022,innovation,0.7269656883357296,1.0
VNM,Vietnam,2023,innovation,0.7063409924240823,1.0
VNM,Vietnam,2024,innovation,0.7237465058583733,1.0
BGD,Bangladesh,2011,human_development,0.4201615889954339,1.0
BGD,Bangladesh,2012,human_development,0.43469557827391647,1.0
BGD,Bangladesh,2013,human_development,0.45647574074593184,1.0
BGD,Bangladesh,2014,human_development,0.4684781390427035,1.0
BGD,Bangladesh,2015,human_development,0.48066352179722494,1.0
BGD,Bangladesh,2016,human_development,0.5107143703100365,1.0
BGD,Bangladesh,2017,human_development,0.5055940219564928,1.0
BGD,Bangladesh,2018,human_development,0.5180724709183853,1.0
BGD,Bangladesh,2019,human_development,0.5093548432102558,1.0
BGD,Bangladesh,2020,human_development,0.5159232516024407,1.0
BGD,Bangladesh,2021,human_development,0.5221915909470789,1.0
BGD,Bangladesh,2022,human_development,0.52813233252575,1.0
BGD,Bangladesh,2023,human_development,0.5224672683227669,1.0
BGD,Bangladesh,2024,human_development,0.6401686426415201,0.75
IDN,Indonesia,2011,human_development,0.5930129979428226,1.0
IDN,Indonesia,2012,human_development,0.5981404365181332,1.0
IDN,Indonesia,2013,human_development,0.6039339392012212,1.0
IDN,Indonesia,2014,human_development,0.6166156774513477,1.0
IDN,Indonesia,2015,human_development,0.6295824721124079,1.0
IDN,Indonesia,2016,human_development,0.6370395180299916,1.0
IDN,Indonesia,2017,human_development,0.6420210342909621,1.0
IDN,Indonesia,2018,human_development,0.6469622978800442,1.0
IDN,Indonesia,2019,human_development,0.6556357732938751,1.0
IDN,Indonesia,2020,human_development,0.6861836647448749,1.0
IDN,Indonesia,2021,human_development,0.6990094290835472,1.0
IDN,Indonesia,2022,human_development,0.6580386179716412,1.0
IDN,Indonesia,2023,human_development,0.6556687105248789,1.0
IDN,Indonesia,2024,human_development,0.8323864071464607,0.75
KHM,Cambodia,2011,human_development,0.504481379088609,1.0
KHM,Cambodia,2012,human_development,0.5100722342481098,1.0
KHM,Cambodia,2013,human_development,0.5013451164246991,1.0
KHM,Cambodia,2014,human_development,0.49402044790965344,1.0
KHM,Cambodia,2015,human_development,0.5057239294566611,1.0
KHM,Cambodia,2016,human_development,0.5118351968396592,1.0
KHM,Cambodia,2017,human_development,0.5123773202552397,1.0
KHM,Cambodia,2018,human_development,0.5310140323586878,1.0
KHM,Cambodia,2019,human_development,0.5452494516530553,1.0
KHM,Cambodia,2020,human_development,0.5641540981367706,1.0
KHM,Cambodia,2021,human_development,0.611964402338023,1.0
KHM,Cambodia,2022,human_development,0.5708206684846426,1.0
KHM,Cambodia,2023,human_development,0.5871963216315683,1.0
KHM,Cambodia,2024,human_development,0.6082656377623528,0.75
LAO,Lao PDR,2011,human_development,0.3604601261167574,1.0
LAO,Lao PDR,2012,human_development,0.38846602711906275,1.0
LAO,Lao PDR,2013,human_development,0.42835730872825795,1.0
LAO,Lao PDR,2014,human_development,0.45454504211350694,1.0
LAO,Lao PDR,2015,human_development,0.48456299959117355,1.0
LAO,Lao PDR,2016,human_development,0.49352502530200854,1.0
LAO,Lao PDR,2017,human_development,0.5105961575432347,1.0
LAO,Lao PDR,2018,human_development,0.4995018977182925,1.0
LAO,Lao PDR,2019,human_development,0.5170648439862877,1.0
LAO,Lao PDR,2020,human_development,0.4810753528418998,1.0
LAO,Lao PDR,2021,human_development,0.5059648711831355,1.0
LAO,Lao PDR,2022,human_development,0.45906299330943834,1.0
LAO,Lao PDR,2023,human_development,0.4044010278474833,1.0
LAO,Lao PDR,2024,human_development,0.5249463954419314,0.75
MMR,Myanmar,2011,human_development,0.38780424721829915,1.0
MMR,Myanmar,2012,human_development,0.4226562238410841,1.0
MMR,Myanmar,2013,human_development,0.4619262601353851,1.0
MMR,Myanmar,2014,human_development,0.5093279202652186,1.0
MMR,Myanmar,2015,human_development,0.5701897897551971,1.0
MMR,Myanmar,2016,human_development,0.5855480165846065,1.0
MMR,Myanmar,2017,human_development,0.6058672670509117,1.0
MMR,Myanmar,2018,human_development,0.6216608163620667,1.0
MMR,Myanmar,2019,human_development,0.6136799864630624,0.75
MMR,Myanmar,2020,human_development,0.6419794936382718,0.75
MMR,Myanmar,2021,human_development,0.6976167699809234,0.75
MMR,Myanmar,2022,human_development,0.6583570119524857,0.75
MMR,Myanmar,2023,human_development,0.6618626023746352,0.75
MMR,Myanmar,2024,human_development,0.7276471770035142,0.5
NPL,Nepal,2011,human_development,0.5451288376430243,1.0
NPL,Nepal,2012,human_development,0.5707647737441476,1.0
NPL,Nepal,2013,human_development,0.5899662270726955,1.0
NPL,Nepal,2014,human_development,0.6169156063511523,1.0
NPL,Nepal,2015,human_development,0.6350951651388507,1.0
NPL,Nepal,2016,human_development,0.6540781619311195,1.0
NPL,Nepal,2017,human_development,0.6461828919220249,1.0
NPL,Nepal,2018,human_development,0.6540643469896501,1.0
NPL,Nepal,2019,human_development,0.6650254564761512,1.0
NPL,Nepal,2020,human_development,0.7112143329893015,1.0
NPL,Nepal,2021,human_development,0.7169825669861394,1.0
NPL,Nepal,2022,human_development,0.7565844908421793,1.0
NPL,Nepal,2023,human_development,0.7685518017271905,1.0
NPL,Nepal,2024,human_development,0.7742534806434871,0.75
VNM,Vietnam,2011,human_development,0.7561750469695531,0.75
VNM,Vietnam,2012,human_development,0.7584820400065346,0.75
VNM,Vietnam,2013,human_development,0.7281501533681628,0.75
VNM,Vietnam,2014,human_development,0.7441450071825914,0.75
VNM,Vietnam,2015,human_development,0.73768322358718,1.0
VNM,Vietnam,2016,human_development,0.7467144465160166,1.0
VNM,Vietnam,2017,human_development,0.7550801026692274,1.0
VNM,Vietnam,2018,human_development,0.7630572438394503,1.0
VNM,Vietnam,2019,human_development,0.7679815239819285,1.0
VNM,Vietnam,2020,human_development,0.7422995339016754,1.0
VNM,Vietnam,2021,human_development,0.7464320181349827,1.0
VNM,Vietnam,2022,human_development,0.7504957104678744,1.0
VNM,Vietnam,2023,human_development,0.7498863605515511,0.75
VNM,Vietnam,2024,human_development,0.8630920059013916,0.5
BGD,Bangladesh,2011,combined,0.25551398350104715,1.0
BGD,Bangladesh,2012,combined,0.27253000343388534,1.0
BGD,Bangladesh,2013,combined,0.30421187398753896,1.0
BGD,Bangladesh,2014,combined,0.32735924217372736,1.0
BGD,Bangladesh,2015,combined,0.352271828910021,1.0
BGD,Bangladesh,2016,combined,0.37803594065723733,1.0
BGD,Bangladesh,2017,combined,0.396824292797053,1.0
BGD,Bangladesh,2018,combined,0.4217689952736559,1.0
BGD,Bangladesh,2019,combined,0.4338022957648956,1.0
BGD,Bangladesh,2020,combined,0.44203136029567086,1.0
BGD,Bangladesh,2021,combined,0.46250594958467034,1.0
BGD,Bangladesh,2022,combined,0.4710236761640417,1.0
BGD,Bangladesh,2023,combined,0.47421546688027955,1.0
BGD,Bangladesh,2024,combined,0.516917531869959,0.8888888888888888
IDN,Indonesia,2011,combined,0.4254241451206393,1.0
IDN,Indonesia,2012,combined,0.44774862474408156,1.0
IDN,Indonesia,2013,combined,0.46075195856727,1.0
IDN,Indonesia,2014,combined,0.4791243233090997,1.0
IDN,Indonesia,2015,combined,0.501094987992259,1.0
IDN,Indonesia,2016,combined,0.503054186363312,1.0
IDN,Indonesia,2017,combined,0.5580938161768115,1.0
IDN,Indonesia,2018,combined,0.5484426755957637,1.0
IDN,Indonesia,2019,combined,0.5790153329469571,1.0
IDN,Indonesia,2020,combined,0.5718699834750628,1.0
IDN,Indonesia,2021,combined,0.6134641284466256,1.0
IDN,Indonesia,2022,combined,0.6082179665489325,1.0
IDN,Indonesia,2023,combined,0.6096840424511383,1.0
IDN,Indonesia,2024,combined,0.6672723758309393,0.8888888888888888
KHM,Cambodia,2011,combined,0.3268365039500991,1.0
KHM,Cambodia,2012,combined,0.3815619130828509,1.0
KHM,Cambodia,2013,combined,0.3954289984184475,1.0
KHM,Cambodia,2014,combined,0.44766652619597214,1.0
KHM,Cambodia,2015,combined,0.39387167866353107,1.0
KHM,Cambodia,2016,combined,0.5261010592396503,1.0
KHM,Cambodia,2017,combined,0.5244451484134239,1.0
KHM,Cambodia,2018,combined,0.6040936602742059,1.0
KHM,Cambodia,2019,combined,0.5985632112098322,1.0
KHM,Cambodia,2020,combined,0.5702767359535342,1.0
KHM,Cambodia,2021,combined,0.6079335298611207,1.0
KHM,Cambodia,2022,combined,0.6033064217034914,1.0
KHM,Cambodia,2023,combined,0.6243759203545979,1.0
KHM,Cambodia,2024,combined,0.6328416641465644,0.8888888888888888
LAO,Lao PDR,2011,combined,0.33034280909586666,1.0
LAO,Lao PDR,2012,combined,0.3490439692140272,1.0
LAO,Lao PDR,2013,combined,0.37346163591691883,1.0
LAO,Lao PDR,2014,combined,0.3937384566483965,1.0
LAO,Lao PDR,2015,combined,0.4085410667898446,1.0
LAO,Lao PDR,2016,combined,0.4203589774295135,1.0
LAO,Lao PDR,2017,combined,0.44993331549758175,1.0
LAO,Lao PDR,2018,combined,0.460763315635765,1.0
LAO,Lao PDR,2019,combined,0.4824397744573544,1.0
LAO,Lao PDR,2020,combined,0.4750204115257706,1.0
LAO,Lao PDR,2021,combined,0.5066330023878135,1.0
LAO,Lao PDR,2022,combined,0.4862818715357845,1.0
LAO,Lao PDR,2023,combined,0.5043522162193834,1.0
LAO,Lao PDR,2024,combined,0.5944651483106882,0.7777777777777778
MMR,Myanmar,2011,combined,0.12108789269031599,1.0
MMR,Myanmar,2012,combined,0.15536663159966813,1.0
MMR,Myanmar,2013,combined,0.19264310954810843,1.0
MMR,Myanmar,2014,combined,0.3205919399699477,1.0
MMR,Myanmar,2015,combined,0.3955472264763342,1.0
MMR,Myanmar,2016,combined,0.4313005714278271,1.0
MMR,Myanmar,2017,combined,0.4760039706019607,1.0
MMR,Myanmar,2018,combined,0.48725618271143406,1.0
MMR,Myanmar,2019,combined,0.5283528797933842,0.8888888888888888
MMR,Myanmar,2020,combined,0.4868601858935748,0.8888888888888888
MMR,Myanmar,2021,combined,0.4886985500306864,0.7777777777777778
MMR,Myanmar,2022,combined,0.5179286689080445,0.7777777777777778
MMR,Myanmar,2023,combined,0.5340064984947334,0.7777777777777778
MMR,Myanmar,2024,combined,0.5234677927308728,0.6666666666666666
NPL,Nepal,2011,combined,0.2808186573440392,1.0
NPL,Nepal,2012,combined,0.31134800058208834,1.0
NPL,Nepal,2013,combined,0.3374123747455466,1.0
NPL,Nepal,2014,combined,0.3613102585469983,1.0
NPL,Nepal,2015,combined,0.3833179975468348,1.0
NPL,Nepal,2016,combined,0.4026714079458808,1.0
NPL,Nepal,2017,combined,0.4481742663030584,1.0
NPL,Nepal,2018,combined,0.463757407095358,1.0
NPL,Nepal,2019,combined,0.4832454948471054,1.0
NPL,Nepal,2020,combined,0.46944080549888384,1.0
NPL,Nepal,2021,combined,0.5031857275099916,1.0
NPL,Nepal,2022,combined,0.5141677527103826,1.0
NPL,Nepal,2023,combined,0.5071017429233553,1.0
NPL,Nepal,2024,combined,0.5015515281280799,0.8888888888888888
VNM,Vietnam,2011,combined,0.5944754561600794,0.8888888888888888
VNM,Vietnam,2012,combined,0.6010761273788966,0.8888888888888888
VNM,Vietnam,2013,combined,0.5909899643121214,0.8888888888888888
VNM,Vietnam,2014,combined,0.6124565666510434,0.8888888888888888
VNM,Vietnam,2015,combined,0.619264948593394,1.0
VNM,Vietnam,2016,combined,0.6388860936605366,1.0
VNM,Vietnam,2017,combined,0.6533426315019534,1.0
VNM,Vietnam,2018,combined,0.6969012492189764,1.0
VNM,Vietnam,2019,combined,0.692048331271726,1.0
VNM,Vietnam,2020,combined,0.6712356667749267,1.0
VNM,Vietnam,2021,combined,0.6712502183393824,1.0
VNM,Vietnam,2022,combined,0.7033108655935386,1.0
VNM,Vietnam,2023,combined,0.6860048007814588,0.8888888888888888
VNM,Vietnam,2024,combined,0.7339288440746308,0.7777777777777778
