outcome,dropped_donor,year,series,value
NY.GDP.PCAP.KD,NPL,2011,synthetic,995.5799471557266
NY.GDP.PCAP.KD,NPL,2012,synthetic,1050.39140404073
NY.GDP.PCAP.KD,NPL,2013,synthetic,1103.1569590713082
NY.GDP.PCAP.KD,NPL,2014,synthetic,1159.4075347598973
NY.GDP.PCAP.KD,NPL,2015,synthetic,1224.3864766817424
NY.GDP.PCAP.KD,NPL,2016,synthetic,1299.8309136080188
NY.GDP.PCAP.KD,NPL,2017,synthetic,1373.7536374019687
NY.GDP.PCAP.KD,NPL,2018,synthetic,1462.2505025572507
NY.GDP.PCAP.KD,NPL,2019,synthetic,1564.208024456487
NY.GDP.PCAP.KD,NPL,2020,synthetic,1604.665923474287
NY.GDP.PCAP.KD,NPL,2021,synthetic,1702.0802841419577
NY.GDP.PCAP.KD,NPL,2022,synthetic,1804.349346177659
NY.GDP.PCAP.KD,NPL,2023,synthetic,1885.377336135507
NY.GDP.PCAP.KD,NPL,2024,synthetic,1941.2787436003193
NY.GDP.PCAP.KD,NPL,2011,gap,-100.06740840536554
NY.GDP.PCAP.KD,NPL,2012,gap,-97.26832211730505
NY.GDP.PCAP.KD,NPL,2013,gap,-78.46635433876827
NY.GDP.PCAP.KD,NPL,2014,gap,-60.16365725890728
NY.GDP.PCAP.KD,NPL,2015,gap,-57.65342121837239
NY.GDP.PCAP.KD,NPL,2016,gap,-74.45177389812875
NY.GDP.PCAP.KD,NPL,2017,gap,-83.18954714506867
NY.GDP.PCAP.KD,NPL,2018,gap,-100.68218991605067
NY.GDP.PCAP.KD,NPL,2019,gap,-123.21814208914702
NY.GDP.PCAP.KD,NPL,2020,gap,-303.3520599676169
NY.GDP.PCAP.KD,NPL,2021,gap,-565.0846236005577
NY.GDP.PCAP.KD,NPL,2022,gap,-629.5823667201091
NY.GDP.PCAP.KD,NPL,2023,gap,-707.610839679877
NY.GDP.PCAP.KD,NPL,2024,gap,-782.7994626230393
NY.GDP.PCAP.KD,KHM,2011,synthetic,944.9744706278469
NY.GDP.PCAP.KD,KHM,2012,synthetic,994.2163464523322
NY.GDP.PCAP.KD,KHM,2013,synthetic,1039.6423902137847
NY.GDP.PCAP.KD,KHM,2014,synthetic,1100.6859331834514
NY.GDP.PCAP.KD,KHM,2015,synthetic,1148.3722176137853
NY.GDP.PCAP.KD,KHM,2016,synthetic,1173.0415030681952
NY.GDP.PCAP.KD,KHM,2017,synthetic,1258.4946228352387
NY.GDP.PCAP.KD,KHM,2018,synthetic,1336.9574616941097
NY.GDP.PCAP.KD,KHM,2019,synthetic,1400.8970364448792
NY.GDP.PCAP.KD,KHM,2020,synthetic,1359.831122040133
NY.GDP.PCAP.KD,KHM,2021,synthetic,1390.1625242334296
NY.GDP.PCAP.KD,KHM,2022,synthetic,1436.9561117525284
NY.GDP.PCAP.KD,KHM,2023,synthetic,1467.9581334476497
NY.GDP.PCAP.KD,KHM,2024,synthetic,1517.7672605007442
NY.GDP.PCAP.KD,KHM,2011,gap,-49.46193187748588
NY.GDP.PCAP.KD,KHM,2012,gap,-41.093264528907184
NY.GDP.PCAP.KD,KHM,2013,gap,-14.95178548124477
NY.GDP.PCAP.KD,KHM,2014,gap,-1.4420556824613868
NY.GDP.PCAP.KD,KHM,2015,gap,18.36083784958464
NY.GDP.PCAP.KD,KHM,2016,gap,52.33763664169487
NY.GDP.PCAP.KD,KHM,2017,gap,32.06946742166133
NY.GDP.PCAP.KD,KHM,2018,gap,24.610850947090285
NY.GDP.PCAP.KD,KHM,2019,gap,40.09284592246081
NY.GDP.PCAP.KD,KHM,2020,gap,-58.517258533463064
NY.GDP.PCAP.KD,KHM,2021,gap,-253.16686369202966
NY.GDP.PCAP.KD,KHM,2022,gap,-262.18913229497844
NY.GDP.PCAP.KD,KHM,2023,gap,-290.19163699201977
NY.GDP.PCAP.KD,KHM,2024,gap,-359.2879795234642
combined,BGD,2011,synthetic,0.28386849889368637
combined,BGD,2012,synthetic,0.31600144100795796
combined,BGD,2013,synthetic,0.34125743753091714
combined,BGD,2014,synthetic,0.36703353663523447
combined,BGD,2015,synthetic,0.38401744477318966
combined,BGD,2016,synthetic,0.4108517315971966
combined,BGD,2017,synthetic,0.4532291335435822
combined,BGD,2018,synthetic,0.4730582190071058
combined,BGD,2019,synthetic,0.4908881984656431
combined,BGD,2020,synthetic,0.47612372599776276
combined,BGD,2021,synthetic,0.5101279080639729
combined,BGD,2022,synthetic,0.5200754349777144
combined,BGD,2023,synthetic,0.5148741113718905
combined,BGD,2024,synthetic,0.5102528069018513
combined,BGD,2011,gap,-0.16278060620337048
combined,BGD,2012,gap,-0.16063480940828986
combined,BGD,2013,gap,-0.14861432798280874
combined,BGD,2014,gap,-0.046441596665286744
combined,BGD,2015,gap,0.01152978170314456
combined,BGD,2016,gap,0.02044883983063045
combined,BGD,2017,gap,0.022774837058378516
combined,BGD,2018,gap,0.014197963704328187
combined,BGD,2019,gap,0.03746468132774111
combined,BGD,2020,gap,0.010736459895812067
combined,BGD,2021,gap,-0.021429358033286494
combined,BGD,2022,gap,-0.002146766069669903
combined,BGD,2023,gap,0.01913238712284282
combined,BGD,2024,gap,0.013214985829021586
combined,KHM,2011,synthetic,0.27941619234336135
combined,KHM,2012,synthetic,0.3091965844945087
combined,KHM,2013,synthetic,0.3355722980622038
combined,KHM,2014,synthetic,0.359428585916227
combined,KHM,2015,synthetic,0.38159732075849
combined,KHM,2016,synthetic,0.40130603248749547
combined,KHM,2017,synthetic,0.4453282884779835
combined,KHM,2018,synthetic,0.4614302766063676
combined,KHM,2019,synthetic,0.48050519648702394
combined,KHM,2020,synthetic,0.4679216874172196
combined,KHM,2021,synthetic,0.5009311256475214
combined,KHM,2022,synthetic,0.5117765716298343
combined,KHM,2023,synthetic,0.5052790815668321
combined,KHM,2024,synthetic,0.5024031606202426
combined,KHM,2011,gap,-0.15832829965304546
combined,KHM,2012,gap,-0.1538299528948406
combined,KHM,2013,gap,-0.1429291885140954
combined,KHM,2014,gap,-0.03883664594627928
combined,KHM,2015,gap,0.013949905717844213
combined,KHM,2016,gap,0.029994538940331605
combined,KHM,2017,gap,0.0306756821239772
combined,KHM,2018,gap,0.02582590610506641
combined,KHM,2019,gap,0.047847683306360245
combined,KHM,2020,gap,0.018938498476355203
combined,KHM,2021,gap,-0.012232575616834995
combined,KHM,2022,gap,0.0061520972782102
combined,KHM,2023,gap,0.02872741692790126
combined,KHM,2024,gap,0.021064632110630255
