outcome,year,series,value
NY.GDP.PCAP.KD,2011,actual,895.512538750361
NY.GDP.PCAP.KD,2012,actual,953.123081923425
NY.GDP.PCAP.KD,2013,actual,1024.69060473254
NY.GDP.PCAP.KD,2014,actual,1099.24387750099
NY.GDP.PCAP.KD,2015,actual,1166.73305546337
NY.GDP.PCAP.KD,2016,actual,1225.37913970989
NY.GDP.PCAP.KD,2017,actual,1290.5640902569
NY.GDP.PCAP.KD,2018,actual,1361.5683126412
NY.GDP.PCAP.KD,2019,actual,1440.98988236734
NY.GDP.PCAP.KD,2020,actual,1301.31386350667
NY.GDP.PCAP.KD,2011,synthetic,934.3446920980408
NY.GDP.PCAP.KD,2012,synthetic,983.8019626669704
NY.GDP.PCAP.KD,2013,synthetic,1030.0225919968532
NY.GDP.PCAP.KD,2014,synthetic,1083.701368891693
NY.GDP.PCAP.KD,2015,synthetic,1139.9412963394284
NY.GDP.PCAP.KD,2016,synthetic,1197.0368657120412
NY.GDP.PCAP.KD,2017,synthetic,1271.6242306590761
NY.GDP.PCAP.KD,2018,synthetic,1355.6574666237527
NY.GDP.PCAP.KD,2019,synthetic,1446.297025414693
NY.GDP.PCAP.KD,2020,synthetic,1465.9271042461855
NY.GDP.PCAP.KD,2011,gap,-38.832153347679764
NY.GDP.PCAP.KD,2012,gap,-30.678880743545392
NY.GDP.PCAP.KD,2013,gap,-5.331987264313284
NY.GDP.PCAP.KD,2014,gap,15.542508609297101
NY.GDP.PCAP.KD,2015,gap,26.791759123941574
NY.GDP.PCAP.KD,2016,gap,28.342273997848906
NY.GDP.PCAP.KD,2017,gap,18.939859597823897
NY.GDP.PCAP.KD,2018,gap,5.910846017447284
NY.GDP.PCAP.KD,2019,gap,-5.307143047353065
NY.GDP.PCAP.KD,2020,gap,-164.6132407395155
combined,2011,actual,0.1210878926903159
combined,2012,actual,0.1553666315996681
combined,2013,actual,0.1926431095481084
combined,2014,actual,0.3205919399699477
combined,2015,actual,0.3955472264763342
combined,2016,actual,0.4313005714278271
combined,2017,actual,0.4760039706019607
combined,2018,actual,0.487256182711434
combined,2019,actual,0.5283528797933842
combined,2020,actual,0.4868601858935748
combined,2011,synthetic,0.2555139835010515
combined,2012,synthetic,0.2725300034338918
combined,2013,synthetic,0.30421187398754446
combined,2014,synthetic,0.3273592421737329
combined,2015,synthetic,0.3522718289100261
combined,2016,synthetic,0.3780359406572413
combined,2017,synthetic,0.3968242927970611
combined,2018,synthetic,0.4217689952736625
combined,2019,synthetic,0.4338022957649034
combined,2020,synthetic,0.44203136029567514
combined,2011,gap,-0.1344260908107356
combined,2012,gap,-0.11716337183422368
combined,2013,gap,-0.11156876443943606
combined,2014,gap,-0.006767302203785186
combined,2015,gap,0.043275397566308105
combined,2016,gap,0.0532646307705858
combined,2017,gap,0.0791796778048996
combined,2018,gap,0.06548718743777149
combined,2019,gap,0.09455058402848077
combined,2020,gap,0.04482882559789969
