outcome,unit_iso3,year,gap
NY.GDP.PCAP.KD,MMR,2011,-33.67925367745033
NY.GDP.PCAP.KD,MMR,2012,-24.806149796066165
NY.GDP.PCAP.KD,MMR,2013,-0.5228251881080723
NY.GDP.PCAP.KD,MMR,2014,11.79942892520603
NY.GDP.PCAP.KD,MMR,2015,29.40174417239905
NY.GDP.PCAP.KD,MMR,2016,50.01709228675463
NY.GDP.PCAP.KD,MMR,2017,26.141307727095636
NY.GDP.PCAP.KD,MMR,2018,3.5928985813402505
NY.GDP.PCAP.KD,MMR,2019,0.9871278442235507
NY.GDP.PCAP.KD,MMR,2020,-72.02273020416237
NY.GDP.PCAP.KD,MMR,2021,-267.15613163529133
NY.GDP.PCAP.KD,MMR,2022,-288.62418512241493
NY.GDP.PCAP.KD,MMR,2023,-328.33712280690384
NY.GDP.PCAP.KD,MMR,2024,-412.5739462837071
NY.GDP.PCAP.KD,NPL,2011,-252.96269449308681
NY.GDP.PCAP.KD,NPL,2012,-275.08082556082195
NY.GDP.PCAP.KD,NPL,2013,-302.1178982233748
NY.GDP.PCAP.KD,NPL,2014,-312.74199298621215
NY.GDP.PCAP.KD,NPL,2015,-348.8428412067892
NY.GDP.PCAP.KD,NPL,2016,-424.641969877066
NY.GDP.PCAP.KD,NPL,2017,-421.89633883822034
NY.GDP.PCAP.KD,NPL,2018,-440.3355805170213
NY.GDP.PCAP.KD,NPL,2019,-487.09005947448145
NY.GDP.PCAP.KD,NPL,2020,-573.1297356348612
NY.GDP.PCAP.KD,NPL,2021,-639.2914410789908
NY.GDP.PCAP.KD,NPL,2022,-690.7947227653706
NY.GDP.PCAP.KD,NPL,2023,-748.9496430157506
NY.GDP.PCAP.KD,NPL,2024,-761.3237504899109
NY.GDP.PCAP.KD,KHM,2011,-23.72730734078914
NY.GDP.PCAP.KD,KHM,2012,-24.54723608854715
NY.GDP.PCAP.KD,KHM,2013,-19.659348679829236
NY.GDP.PCAP.KD,KHM,2014,-9.912673075303928
NY.GDP.PCAP.KD,KHM,2015,-10.598724047380983
NY.GDP.PCAP.KD,KHM,2016,-2.1447755955580305
NY.GDP.PCAP.KD,KHM,2017,16.446362326604913
NY.GDP.PCAP.KD,KHM,2018,50.89264932021001
NY.GDP.PCAP.KD,KHM,2019,75.5687375663133
NY.GDP.PCAP.KD,KHM,2020,-40.14825278431999
NY.GDP.PCAP.KD,KHM,2021,-81.1809498380801
NY.GDP.PCAP.KD,KHM,2022,-84.97245782738082
NY.GDP.PCAP.KD,KHM,2023,-84.33459444177242
NY.GDP.PCAP.KD,KHM,2024,-47.79609798003548
NY.GDP.PCAP.KD,LAO,2011,-41.74143314863795
NY.GDP.PCAP.KD,LAO,2012,-22.61482428176987
NY.GDP.PCAP.KD,LAO,2013,0.06210510215578324
NY.GDP.PCAP.KD,LAO,2014,17.16706906129616
NY.GDP.PCAP.KD,LAO,2015,33.043461571281114
NY.GDP.PCAP.KD,LAO,2016,35.90526669700466
NY.GDP.PCAP.KD,LAO,2017,31.362749982742116
NY.GDP.PCAP.KD,LAO,2018,-1.9368876545090643
NY.GDP.PCAP.KD,LAO,2019,-46.99559203034414
NY.GDP.PCAP.KD,LAO,2020,5.760102269994604
NY.GDP.PCAP.KD,LAO,2021,-19.245227795395294
NY.GDP.PCAP.KD,LAO,2022,-109.94133688486681
NY.GDP.PCAP.KD,LAO,2023,-156.87078291603757
NY.GDP.PCAP.KD,LAO,2024,-221.49713017663817
NY.GDP.PCAP.KD,IDN,2011,666.7201502823104
NY.GDP.PCAP.KD,IDN,2012,706.4044027904406
NY.GDP.PCAP.KD,IDN,2013,735.1581456153503
NY.GDP.PCAP.KD,IDN,2014,731.434472670061
NY.GDP.PCAP.KD,IDN,2015,710.6538438542507
NY.GDP.PCAP.KD,IDN,2016,701.2311773970005
NY.GDP.PCAP.KD,IDN,2017,685.3831924894203
NY.GDP.PCAP.KD,IDN,2018,653.0382785976703
NY.GDP.PCAP.KD,IDN,2019,609.8267277245009
NY.GDP.PCAP.KD,IDN,2020,436.2795675566813
NY.GDP.PCAP.KD,IDN,2021,492.4714248918913
NY.GDP.PCAP.KD,IDN,2022,407.24914007954067
NY.GDP.PCAP.KD,IDN,2023,420.2837191807812
NY.GDP.PCAP.KD,IDN,2024,355.43961926854126
NY.GDP.PCAP.KD,VNM,2011,-24.494912887348164
NY.GDP.PCAP.KD,VNM,2012,-51.33789621042661
NY.GDP.PCAP.KD,VNM,2013,-74.94507375603007
NY.GDP.PCAP.KD,VNM,2014,-71.5358031516621
NY.GDP.PCAP.KD,VNM,2015,-49.168216200804636
NY.GDP.PCAP.KD,VNM,2016,-31.335501444320016
NY.GDP.PCAP.KD,VNM,2017,-4.211684600802528
NY.GDP.PCAP.KD,VNM,2018,50.4605902289245
NY.GDP.PCAP.KD,VNM,2019,124.61755951291707
NY.GDP.PCAP.KD,VNM,2020,249.28816839951514
NY.GDP.PCAP.KD,VNM,2021,240.9260146784418
NY.GDP.PCAP.KD,VNM,2022,406.4884971811225
NY.GDP.PCAP.KD,VNM,2023,454.6004112200212
NY.GDP.PCAP.KD,VNM,2024,577.8808867865364
NY.GDP.PCAP.KD,BGD,2011,-13.508094784454215
NY.GDP.PCAP.KD,BGD,2012,-11.71643993339353
NY.GDP.PCAP.KD,BGD,2013,-11.633385438649157
NY.GDP.PCAP.KD,BGD,2014,-22.59766022428539
NY.GDP.PCAP.KD,BGD,2015,-14.503038997420845
NY.GDP.PCAP.KD,BGD,2016,12.734459101433231
NY.GDP.PCAP.KD,BGD,2017,-7.01262182709138
NY.GDP.PCAP.KD,BGD,2018,-19.373990726517604
NY.GDP.PCAP.KD,BGD,2019,-8.289275960990153
NY.GDP.PCAP.KD,BGD,2020,96.63618487104873
NY.GDP.PCAP.KD,BGD,2021,162.2754978189348
NY.GDP.PCAP.KD,BGD,2022,195.50549888718092
NY.GDP.PCAP.KD,BGD,2023,226.0042104373449
NY.GDP.PCAP.KD,BGD,2024,206.2140085350743
combined,MMR,2011,-0.1545539526035929
combined,MMR,2012,-0.14793316508617918
combined,MMR,2013,-0.1373110638159523
combined,MMR,2014,-0.040719108312539776
combined,MMR,2015,0.03153554287286359
combined,MMR,2016,0.011479312130604713
combined,MMR,2017,0.04316391549645143
combined,MMR,2018,0.014033514243736445
combined,MMR,2019,0.04805356017036533
combined,MMR,2020,0.008636818072608965
combined,MMR,2021,-0.014848380975352016
combined,MMR,2022,0.009573602840300621
combined,MMR,2023,0.01741439047424731
combined,MMR,2024,-0.026164580092970846
combined,BGD,2011,-0.02530467384299223
combined,BGD,2012,-0.038817997148203054
combined,BGD,2013,-0.03320050075800779
combined,BGD,2014,-0.03395101637327108
combined,BGD,2015,-0.03104616863681392
combined,BGD,2016,-0.02463546728864363
combined,BGD,2017,-0.05134997350600545
combined,BGD,2018,-0.041988411821702154
combined,BGD,2019,-0.04944319908220979
combined,BGD,2020,-0.027409445203213034
combined,BGD,2021,-0.04067977792532129
combined,BGD,2022,-0.04314407654634089
combined,BGD,2023,-0.03288627604307581
combined,BGD,2024,0.015366003741878909
combined,KHM,2011,-0.06227694469873285
combined,KHM,2012,-0.029819140010848788
combined,KHM,2013,-0.02953490476627879
combined,KHM,2014,-0.00035582380181053974
combined,KHM,2015,-0.07091060060472582
combined,KHM,2016,0.041872930096729544
combined,KHM,2017,0.005433376354301633
combined,KHM,2018,0.059839787544819334
combined,KHM,2019,0.043225354010603456
combined,KHM,2020,0.031163178355035903
combined,KHM,2021,0.046720974847894614
combined,KHM,2022,0.023834125894606983
combined,KHM,2023,0.055505169433760715
combined,KHM,2024,0.05105832523232956
combined,VNM,2011,0.16905131103944165
combined,VNM,2012,0.1533275026348162
combined,VNM,2013,0.1302380057448524
combined,VNM,2014,0.13333224334194427
combined,VNM,2015,0.11816996060113671
combined,VNM,2016,0.13583190729722427
combined,VNM,2017,0.0952488153251424
combined,VNM,2018,0.1484585736232119
combined,VNM,2019,0.11303299832476876
combined,VNM,2020,0.09936568329986406
combined,VNM,2021,0.05778608989275691
combined,VNM,2022,0.09509289904460627
combined,VNM,2023,0.07632075833032026
combined,VNM,2024,0.06665646824369198
combined,LAO,2011,0.009975875248119381
combined,LAO,2012,0.011268433466997685
combined,LAO,2013,0.011484018846048771
combined,LAO,2014,0.009825923466621811
combined,LAO,2015,0.0017903875261365831
combined,LAO,2016,-0.00628526296003179
combined,LAO,2017,-0.0033748217263513403
combined,LAO,2018,-0.011099730030261379
combined,LAO,2019,-0.004343263256939289
combined,LAO,2020,-0.014250154036738016
combined,LAO,2021,-0.006305429523336237
combined,LAO,2022,-0.03388713361564799
combined,LAO,2023,-0.017023505547150708
combined,LAO,2024,0.02660888303108444
combined,NPL,2011,-0.009117483965092155
combined,NPL,2012,-0.0005717840797139773
combined,NPL,2013,-0.0013110492304718169
combined,NPL,2014,-0.003004153572821966
combined,NPL,2015,0.003185534455966088
combined,NPL,2016,-0.011177631140808164
combined,NPL,2017,0.012104669072741658
combined,NPL,2018,0.0021579845438590706
combined,NPL,2019,0.008637260252598644
combined,NPL,2020,-0.006984076539899631
combined,NPL,2021,0.0010952926672889163
combined,NPL,2022,0.007156186939743514
combined,NPL,2023,-0.004792602248600453
combined,NPL,2024,-0.05161959057736898
combined,IDN,2011,-0.0053056036767802905
combined,IDN,2012,-0.0010068464919852915
combined,IDN,2013,0.0026718288136176604
combined,IDN,2014,-0.0012625913499766939
combined,IDN,2015,0.006601730422862384
combined,IDN,2016,-0.009916037096770802
combined,IDN,2017,0.015920734780906165
combined,IDN,2018,-0.021468834143667515
combined,IDN,2019,0.000449955048372086
combined,IDN,2020,0.009465713855864366
combined,IDN,2021,0.03301296012268262
combined,IDN,2022,0.01130456102728461
combined,IDN,2023,0.021184801600131586
combined,IDN,2024,0.047204830127645425
