parameter,value,calibrated,unidentified,low,high,at_bound
alpha,0.3333333333333333,False,False,0.3333333333333333,0.3333333333333333,False
beta,0.3333333333333333,False,False,0.3333333333333333,0.3333333333333333,False
delta_k,0.05,False,False,0.05,0.05,False
delta_h,0.02,False,False,0.02,0.02,False
delta_i,0.02,False,False,0.02,0.02,False
covid_persistence,1.0,False,False,0.0,1.0,False
capital_output_ratio,2.5,False,False,2.5,2.5,False
savings_rate,0.3,False,True,0.2,0.5,False
connectivity_tfp,0.25,False,True,0.0,0.5,False
stability_elasticity,0.7641280438669492,True,False,0.0,3.0,False
tfp_growth,0.020144181753718186,True,False,0.0,0.05,False
covid_shock,0.16662558385239765,True,False,0.0,0.3,False
stability_post,0.760832969195711,True,False,0.05,1.0,False
human_capital_gain,0.024703404539446736,True,False,0.0,0.1,False
connectivity_gain,0.5501916460920077,True,False,0.0,3.0,False
population_growth,0.23832651419477577,True,False,0.0,3.0,False
fdi_scale,3.8052054461517786,True,False,0.0,14.0,False
mobile_saturation,151.48075370824048,True,False,20.0,205.0,False
mobile_scale,11.200584442459038,True,False,1.0,100.0,False
mortality_elasticity,-9.110339101912182,True,False,-30.0,0.0,False
enrollment_elasticity,13.155591941446875,True,False,0.0,60.0,False
health_share,4.108529650769231,True,False,0.0,8.0,False
