scenario,year,series,p10,p50,p90,share_above
no_coup,2011,NY.GDP.PCAP.KD,0.0,0.0,0.0,0.0
no_coup,2012,NY.GDP.PCAP.KD,0.0,0.0,0.0,0.0
no_coup,2013,NY.GDP.PCAP.KD,0.0,0.0,0.0,0.0
no_coup,2014,NY.GDP.PCAP.KD,0.0,0.0,0.0,0.0
no_coup,2015,NY.GDP.PCAP.KD,0.0,0.0,0.0,0.0
no_coup,2016,NY.GDP.PCAP.KD,0.0,0.0,0.0,0.0
no_coup,2017,NY.GDP.PCAP.KD,0.0,0.0,0.0,0.0
no_coup,2018,NY.GDP.PCAP.KD,0.0,0.0,0.0,0.0
no_coup,2019,NY.GDP.PCAP.KD,0.0,0.0,0.0,0.0
no_coup,2020,NY.GDP.PCAP.KD,0.0,0.0,0.0,0.0
no_coup,2021,NY.GDP.PCAP.KD,148.46742609998336,244.00328614543457,355.11373227355585,1.0
no_coup,2022,NY.GDP.PCAP.KD,168.6952265156088,272.7372510488635,400.68287461731603,1.0
no_coup,2023,NY.GDP.PCAP.KD,180.6962051732683,291.5943645043468,428.6105057615094,1.0
no_coup,2024,NY.GDP.PCAP.KD,192.03390642109036,307.96825808678625,447.7704285477926,1.0
no_coup,2025,NY.GDP.PCAP.KD,203.58308968126622,323.4988228031568,466.06347862226744,1.0
no_coup,2026,NY.GDP.PCAP.KD,214.39567182856806,339.5404822373081,488.3552301474968,1.0
no_coup,2027,NY.GDP.PCAP.KD,223.90964486901686,359.3373664147085,513.0574704301866,1.0
no_coup,2028,NY.GDP.PCAP.KD,235.8982196865296,379.7664994212066,537.8511727181856,1.0
no_coup,2029,NY.GDP.PCAP.KD,246.87572891965138,398.8359110784959,564.8792115270804,1.0
no_coup,2030,NY.GDP.PCAP.KD,260.84056356103093,421.9426244813815,591.8847587748024,1.0
no_coup,2031,NY.GDP.PCAP.KD,273.7736353542603,446.8891501231336,613.772500953102,1.0
no_coup,2032,NY.GDP.PCAP.KD,287.2142787314085,469.26165593818814,637.6813530567268,1.0
no_coup,2033,NY.GDP.PCAP.KD,300.5409036449016,490.78222235382987,666.0876378334067,1.0
no_coup,2034,NY.GDP.PCAP.KD,311.47207239487443,508.6068534207294,691.1642420127748,1.0
no_coup,2035,NY.GDP.PCAP.KD,324.31808264619707,534.2195395754901,729.7257259620967,1.0
no_coup,2011,combined,0.0,0.0,0.0,0.0
no_coup,2012,combined,0.0,0.0,0.0,0.0
no_coup,2013,combined,0.0,0.0,0.0,0.0
no_coup,2014,combined,0.0,0.0,0.0,0.0
no_coup,2015,combined,0.0,0.0,0.0,0.0
no_coup,2016,combined,0.0,0.0,0.0,0.0
no_coup,2017,combined,0.0,0.0,0.0,0.0
no_coup,2018,combined,0.0,0.0,0.0,0.0
no_coup,2019,combined,0.0,0.0,0.0,0.0
no_coup,2020,combined,0.0,0.0,0.0,0.0
no_coup,2021,combined,0.07098049563900821,0.13985421665073094,0.27190854243503887,1.0
no_coup,2022,combined,0.034804178883157844,0.058093052252966126,0.08229597001990901,1.0
no_coup,2023,combined,0.034857706612169345,0.056540356227779476,0.08213499694368105,1.0
no_coup,2024,combined,0.03371363005310768,0.05562361816543293,0.07937684404059822,1.0
no_coup,2025,combined,0.03312017706937984,0.05484514559872067,0.0782239718346284,1.0
no_coup,2026,combined,0.033391305974944656,0.0545963304574148,0.07804461570673595,1.0
no_coup,2027,combined,0.03309351506302063,0.0548201565703188,0.07809981642137317,1.0
no_coup,2028,combined,0.03311564862731188,0.055072368907630065,0.07820680448659066,1.0
no_coup,2029,combined,0.03314787756596892,0.055179682894876736,0.07830305426586198,1.0
no_coup,2030,combined,0.03317226838644256,0.05525902995078957,0.0783818821855846,1.0
no_coup,2031,combined,0.03319108250481706,0.05532325687290979,0.07844543710865583,1.0
no_coup,2032,combined,0.03320500896897632,0.05537768911458085,0.07849626465280665,1.0
no_coup,2033,combined,0.0332145363648247,0.05542465454077555,0.07853631622250624,1.0
no_coup,2034,combined,0.033220178804555876,0.0554310216424479,0.07856707431444047,1.0
no_coup,2035,combined,0.03322243761131329,0.05542587558184281,0.07857666767891822,1.0
partial_recovery,2011,NY.GDP.PCAP.KD,0.0,0.0,0.0,0.0
partial_recovery,2012,NY.GDP.PCAP.KD,0.0,0.0,0.0,0.0
partial_recovery,2013,NY.GDP.PCAP.KD,0.0,0.0,0.0,0.0
partial_recovery,2014,NY.GDP.PCAP.KD,0.0,0.0,0.0,0.0
partial_recovery,2015,NY.GDP.PCAP.KD,0.0,0.0,0.0,0.0
partial_recovery,2016,NY.GDP.PCAP.KD,0.0,0.0,0.0,0.0
partial_recovery,2017,NY.GDP.PCAP.KD,0.0,0.0,0.0,0.0
partial_recovery,2018,NY.GDP.PCAP.KD,0.0,0.0,0.0,0.0
partial_recovery,2019,NY.GDP.PCAP.KD,0.0,0.0,0.0,0.0
partial_recovery,2020,NY.GDP.PCAP.KD,0.0,0.0,0.0,0.0
partial_recovery,2021,NY.GDP.PCAP.KD,0.0,0.0,0.0,0.0
partial_recovery,2022,NY.GDP.PCAP.KD,0.0,0.0,0.0,0.0
partial_recovery,2023,NY.GDP.PCAP.KD,0.0,0.0,0.0,0.0
partial_recovery,2024,NY.GDP.PCAP.KD,0.0,0.0,0.0,0.0
partial_recovery,2025,NY.GDP.PCAP.KD,8.351991149820128,13.560488927322126,19.408760097097957,1.0
partial_recovery,2026,NY.GDP.PCAP.KD,17.485194684919634,28.54773048580489,40.39482465479645,1.0
partial_recovery,2027,NY.GDP.PCAP.KD,27.393104727682477,45.00835723691296,63.179804768926665,1.0
partial_recovery,2028,NY.GDP.PCAP.KD,38.43599495544593,62.255541618029156,87.75604469848071,1.0
partial_recovery,2029,NY.GDP.PCAP.KD,50.52376612029193,81.50030064877967,113.12117062063184,1.0
partial_recovery,2030,NY.GDP.PCAP.KD,63.08351088782526,102.97102258565042,140.7775407109282,1.0
partial_recovery,2031,NY.GDP.PCAP.KD,77.05901874613672,125.78178237898521,169.81339658308974,1.0
partial_recovery,2032,NY.GDP.PCAP.KD,91.94250250804183,148.24644181558642,201.53327380222663,1.0
partial_recovery,2033,NY.GDP.PCAP.KD,106.82913774719398,175.6364324651521,236.7506971462132,1.0
partial_recovery,2034,NY.GDP.PCAP.KD,123.6361930422629,202.85420905952014,275.52602186390004,1.0
partial_recovery,2035,NY.GDP.PCAP.KD,141.23811726664306,232.90755193216864,318.3346920848053,1.0
partial_recovery,2011,combined,0.0,0.0,0.0,0.0
partial_recovery,2012,combined,0.0,0.0,0.0,0.0
partial_recovery,2013,combined,0.0,0.0,0.0,0.0
partial_recovery,2014,combined,0.0,0.0,0.0,0.0
partial_recovery,2015,combined,0.0,0.0,0.0,0.0
partial_recovery,2016,combined,0.0,0.0,0.0,0.0
partial_recovery,2017,combined,0.0,0.0,0.0,0.0
partial_recovery,2018,combined,0.0,0.0,0.0,0.0
partial_recovery,2019,combined,0.0,0.0,0.0,0.0
partial_recovery,2020,combined,0.0,0.0,0.0,0.0
partial_recovery,2021,combined,0.0,0.0,0.0,0.0
partial_recovery,2022,combined,0.0,0.0,0.0,0.0
partial_recovery,2023,combined,0.0,0.0,0.0,0.0
partial_recovery,2024,combined,0.0,0.0,0.0,0.0
partial_recovery,2025,combined,0.003425510579419888,0.0059846976508407534,0.008797377000213491,1.0
partial_recovery,2026,combined,0.005020027183682452,0.008680855463911064,0.012687664330034907,1.0
partial_recovery,2027,combined,0.006573001309532767,0.011354245978295097,0.01655809486324717,1.0
partial_recovery,2028,combined,0.00811528530006611,0.01396432281633192,0.02040837026821439,1.0
partial_recovery,2029,combined,0.009650550698184634,0.01654683057752504,0.024195839137674254,1.0
partial_recovery,2030,combined,0.011178126166938519,0.019169253954938403,0.027925869629088412,1.0
partial_recovery,2031,combined,0.012697777774301944,0.021781461850359174,0.03160056349869728,1.0
partial_recovery,2032,combined,0.014209488270425964,0.024322725929485478,0.03522166838382439,1.0
partial_recovery,2033,combined,0.01571326238460864,0.0268388977514325,0.03878832170954624,1.0
partial_recovery,2034,combined,0.017209100444646908,0.029319576028748795,0.042304974963347224,1.0
partial_recovery,2035,combined,0.018697011757129713,0.03176479199878618,0.04577338897355281,1.0
reform_push,2011,NY.GDP.PCAP.KD,0.0,0.0,0.0,0.0
reform_push,2012,NY.GDP.PCAP.KD,0.0,0.0,0.0,0.0
reform_push,2013,NY.GDP.PCAP.KD,0.0,0.0,0.0,0.0
reform_push,2014,NY.GDP.PCAP.KD,0.0,0.0,0.0,0.0
reform_push,2015,NY.GDP.PCAP.KD,0.0,0.0,0.0,0.0
reform_push,2016,NY.GDP.PCAP.KD,0.0,0.0,0.0,0.0
reform_push,2017,NY.GDP.PCAP.KD,0.0,0.0,0.0,0.0
reform_push,2018,NY.GDP.PCAP.KD,0.0,0.0,0.0,0.0
reform_push,2019,NY.GDP.PCAP.KD,0.0,0.0,0.0,0.0
reform_push,2020,NY.GDP.PCAP.KD,0.0,0.0,0.0,0.0
reform_push,2021,NY.GDP.PCAP.KD,148.46742609998336,244.00328614543457,355.11373227355585,1.0
reform_push,2022,NY.GDP.PCAP.KD,168.6952265156088,272.7372510488635,400.68287461731603,1.0
reform_push,2023,NY.GDP.PCAP.KD,180.6962051732683,291.5943645043468,428.6105057615094,1.0
reform_push,2024,NY.GDP.PCAP.KD,192.03390642109036,307.96825808678625,447.7704285477926,1.0
reform_push,2025,NY.GDP.PCAP.KD,203.58308968126622,323.4988228031568,466.06347862226744,1.0
reform_push,2026,NY.GDP.PCAP.KD,217.77359448808164,346.4783330364261,495.5015634087848,1.0
reform_push,2027,NY.GDP.PCAP.KD,231.6268089146229,367.32539469022845,521.2279647048497,1.0
reform_push,2028,NY.GDP.PCAP.KD,246.80097278519528,392.32285428040313,551.4616142248004,1.0
reform_push,2029,NY.GDP.PCAP.KD,261.8406693652672,412.0572902876588,578.7206544706967,1.0
reform_push,2030,NY.GDP.PCAP.KD,277.9401186294517,439.88212354830773,610.8004922512126,1.0
reform_push,2031,NY.GDP.PCAP.KD,294.8796737131215,468.69118959102866,634.9624979431233,1.0
reform_push,2032,NY.GDP.PCAP.KD,311.5424223156566,495.4732710514784,669.3006236463997,1.0
reform_push,2033,NY.GDP.PCAP.KD,328.7161857415935,520.1921560002068,696.0371523761285,1.0
reform_push,2034,NY.GDP.PCAP.KD,345.6475770954362,544.7859596410083,729.4763362986481,1.0
reform_push,2035,NY.GDP.PCAP.KD,362.97412904466796,578.4460426336111,773.6884601463651,1.0
reform_push,2011,combined,0.0,0.0,0.0,0.0
reform_push,2012,combined,0.0,0.0,0.0,0.0
reform_push,2013,combined,0.0,0.0,0.0,0.0
reform_push,2014,combined,0.0,0.0,0.0,0.0
reform_push,2015,combined,0.0,0.0,0.0,0.0
reform_push,2016,combined,0.0,0.0,0.0,0.0
reform_push,2017,combined,0.0,0.0,0.0,0.0
reform_push,2018,combined,0.0,0.0,0.0,0.0
reform_push,2019,combined,0.0,0.0,0.0,0.0
reform_push,2020,combined,0.0,0.0,0.0,0.0
reform_push,2021,combined,0.07098049563900821,0.13985421665073094,0.27190854243503887,1.0
reform_push,2022,combined,0.034804178883157844,0.058093052252966126,0.08229597001990901,1.0
reform_push,2023,combined,0.034857706612169345,0.056540356227779476,0.08213499694368105,1.0
reform_push,2024,combined,0.03371363005310768,0.05562361816543293,0.07937684404059822,1.0
reform_push,2025,combined,0.03312017706937984,0.05484514559872067,0.0782239718346284,1.0
reform_push,2026,combined,0.03980938615692553,0.0608420776502237,0.08562416627958061,1.0
reform_push,2027,combined,0.04033886720605674,0.06144088999147751,0.08683995744820386,1.0
reform_push,2028,combined,0.04385533362058216,0.06530549903280392,0.090750879002299,1.0
reform_push,2029,combined,0.04523642345445165,0.06664558334185666,0.09235821146690695,1.0
reform_push,2030,combined,0.0470307304549424,0.0686825777735266,0.09467833084897102,1.0
reform_push,2031,combined,0.047907996117543664,0.06977332261246794,0.09604224705451547,1.0
reform_push,2032,combined,0.04912652607718858,0.07199502164906996,0.09754224281010318,1.0
reform_push,2033,combined,0.05037251700627025,0.0733620925572831,0.09838476066893724,1.0
reform_push,2034,combined,0.05149826591500054,0.07424223264934321,0.09972517180278027,1.0
reform_push,2035,combined,0.0524793095022151,0.07412856314136351,0.10039136258519404,1.0
