scope,nrmse,credible,n_obs,composition_gap,sc_overlap_deviation,sc_consistent
overall,0.06770516913632638,True,109,,,
NY.GDP.PCAP.KD,0.021984634861075835,True,13,,0.052155372001532085,True
NY.GDP.MKTP.KD.ZG,0.07793813727225056,True,13,,,
BX.KLT.DINV.WD.GD.ZS,0.09028195678696291,True,14,,,
IT.NET.USER.ZS,0.059323167041434186,True,9,,,
IT.CEL.SETS.P2,0.06115716939496922,True,14,,,
SP.DYN.LE00.IN,0.006132672679083175,True,13,,,
SH.DYN.MORT,0.0011086844108435406,True,13,,,
SE.SEC.ENRR,0.04237059859198778,True,7,,,
SH.XPD.CHEX.GD.ZS,0.12501868743348377,False,13,,,
combined,0.042799278933658355,True,14,0.026876484644578147,,
