node,central,nrmse,nrmse_change,flat,at_bound,alpha,beta,delta_k,delta_h,delta_i,covid_persistence,capital_output_ratio,savings_rate,connectivity_tfp,stability_elasticity,tfp_growth,covid_shock,stability_post,human_capital_gain,connectivity_gain,population_growth,fdi_scale,mobile_saturation,mobile_scale,mortality_elasticity,enrollment_elasticity,health_share
0,True,0.06770516913632638,0.0,True,,0.3333333333333333,0.3333333333333333,0.05,0.02,0.02,1.0,2.5,0.3,0.25,0.7641280438669492,0.020144181753718186,0.16662558385239765,0.760832969195711,0.024703404539446736,0.5501916460920077,0.23832651419477577,3.8052054461517786,151.48075370824048,11.200584442459038,-9.110339101912182,13.155591941446875,4.108529650769231
1,False,0.06718263065480067,-0.0005225384815257111,True,,0.3333333333333333,0.3333333333333333,0.05,0.02,0.02,1.0,2.5,0.2,0.0,0.6644147097673554,0.03990591631590329,0.14216947092425442,0.7579408519394258,0.024685891825112646,0.5270748207627404,0.2662151661903624,3.8085587147387363,152.11129145047497,10.737573243041943,-9.14372298037158,13.204218941440585,4.108529650769231
2,False,0.06910734485540486,0.0014021757190784828,True,,0.3333333333333333,0.3333333333333333,0.05,0.02,0.02,1.0,2.5,0.2,0.25,0.7762548621833287,0.028844820644998142,0.16818285632250765,0.760960193105188,0.02472140198761353,0.5563166220644334,0.1593011280176661,3.8050579785431746,151.45454443494506,11.284639595889107,-9.076289267892626,13.105991845230497,4.108529650769231
3,False,0.07121867661798792,0.003513507481661543,True,,0.3333333333333333,0.3333333333333333,0.05,0.02,0.02,1.0,2.5,0.2,0.5,0.8514716765725605,0.0187097966303644,0.19012851783658888,0.7609195782265659,0.02474106113121723,0.571659692999964,0.1642721848464372,3.805104640182745,151.46398966658106,11.500810803326504,-9.039391100251214,13.052240124418985,4.108529650769231
4,False,0.0660479179113208,-0.001657251225005582,True,,0.3333333333333333,0.3333333333333333,0.05,0.02,0.02,1.0,2.5,0.3,0.0,0.6535533090827188,0.031007724341128893,0.14047821670628427,0.7582852904872432,0.02466660692033021,0.5229587579422224,0.346279288779259,3.8081597312190745,152.03476750197382,10.701109636013449,-9.18077484678096,13.258192060717157,4.108529650769231
5,False,0.06970663059345798,0.0020014614571316064,True,,0.3333333333333333,0.3333333333333333,0.05,0.02,0.02,1.0,2.5,0.3,0.5,0.839412925989776,0.010182860135502587,0.18853787014796253,0.7606267859532996,0.024724678516793,0.5648749362756594,0.24150001101472388,3.8054454001362727,151.52611914018578,11.402052444909112,-9.070118229374085,13.097002979531139,4.108529650769231
6,False,0.06438340054172595,-0.003321768594600427,True,,0.3333333333333333,0.3333333333333333,0.05,0.02,0.02,1.0,2.5,0.5,0.0,0.6286822810392523,0.017624945894317227,0.135579907569914,0.7590212042542087,0.024625634374934886,0.5139926832236165,0.49507055807897404,3.8073072179302527,151.87329421264178,10.643343185328275,-9.260520307619625,13.374354715048081,4.108529650769231
7,False,0.06530479417673747,-0.002400374959588905,True,,0.3333333333333333,0.3333333333333333,0.05,0.02,0.02,1.0,2.5,0.5,0.25,0.7365919031511392,0.007115024435561629,0.1618970393730822,0.7608206405675336,0.024664407876593054,0.5377558824946049,0.3779887015236392,3.805219987694138,151.48207293590633,11.063285009303158,-9.185019327327913,13.264374939116294,4.108529650769231
8,False,0.06694706560648818,-0.0007581035298381972,True,tfp_growth,0.3333333333333333,0.3333333333333333,0.05,0.02,0.02,1.0,2.5,0.5,0.5,0.8236007139580839,7.675651264668822e-19,0.18641250293278178,0.760482018112696,0.02454534014091971,0.5443836363588416,0.1195302018133545,3.805612875096635,151.54872351379876,11.11198976946416,-9.42096697549028,13.608065516121682,4.108529650769231
