scenario,lever,value
actual_continuation,fdi_openness,1.0
actual_continuation,education_spend,1.0
actual_continuation,health_spend,1.0
actual_continuation,connectivity_investment,1.0
actual_continuation,stability_recovery_2021,0.0
actual_continuation,stability_recovery_2035,0.0
no_coup,fdi_openness,1.0
no_coup,education_spend,1.0
no_coup,health_spend,1.0
no_coup,connectivity_investment,1.0
no_coup,stability_recovery_2021,1.0
no_coup,stability_recovery_2035,1.0
partial_recovery,fdi_openness,1.0
partial_recovery,education_spend,1.0
partial_recovery,health_spend,1.0
partial_recovery,connectivity_investment,1.0
partial_recovery,stability_recovery_2021,0.0
partial_recovery,stability_recovery_2035,0.5
reform_push,fdi_openness,1.0
reform_push,education_spend,1.5
reform_push,health_spend,1.0
reform_push,connectivity_investment,1.5
reform_push,stability_recovery_2021,1.0
reform_push,stability_recovery_2035,1.0
